user,action,message,timestamp
user3,post,This is a post by user3,2025-11-19T00:10:43.887300
user3,post,This is a comment by user1,2025-11-19T00:10:44.887900
user3,like,This is a comment by user1,2025-11-19T00:10:45.888419
user3,post,This is a comment by user2,2025-11-19T00:10:46.888932
user2,comment,This is a post by user2,2025-11-19T00:10:47.889372
user2,post,This is a comment by user3,2025-11-19T00:10:48.890135
user1,post,This is a like by user2,2025-11-19T00:10:49.890912
user3,comment,This is a post by user1,2025-11-19T00:10:50.891540
user3,like,This is a comment by user2,2025-11-19T00:10:51.892221
user2,post,This is a like by user2,2025-11-19T00:10:52.891243
user1,post,This is a like by user3,2025-11-19T00:10:53.891764
user2,comment,This is a like by user3,2025-11-19T00:10:54.892334
user3,post,This is a post by user1,2025-11-19T00:10:55.893125
user1,post,This is a post by user3,2025-11-19T00:10:56.893651
user3,like,This is a like by user3,2025-11-19T00:10:57.894137
user2,like,This is a like by user2,2025-11-19T00:10:58.894831
user2,like,This is a comment by user3,2025-11-19T00:10:59.895337
user2,post,This is a comment by user3,2025-11-19T00:11:00.895885
user2,comment,This is a comment by user1,2025-11-19T00:11:01.896441
user2,like,This is a comment by user1,2025-11-19T00:11:02.896862
user2,comment,This is a post by user1,2025-11-19T00:11:03.897450
user2,like,This is a comment by user2,2025-11-19T00:11:04.898310
user2,like,This is a post by user2,2025-11-19T00:11:05.899368
user1,comment,This is a comment by user3,2025-11-19T00:11:06.899748
user2,like,This is a comment by user1,2025-11-19T00:11:07.900122
user3,post,This is a post by user1,2025-11-19T00:11:08.901121
user3,comment,This is a like by user3,2025-11-19T00:11:09.901662
user2,like,This is a like by user3,2025-11-19T00:11:10.902148
user3,comment,This is a post by user2,2025-11-19T00:11:11.902747
user1,post,This is a like by user3,2025-11-19T00:11:12.903358
user2,like,This is a like by user2,2025-11-19T00:11:13.903757
user2,like,This is a like by user3,2025-11-19T00:11:14.904467
user1,like,This is a like by user3,2025-11-19T00:11:15.904877
user2,comment,This is a like by user3,2025-11-19T00:11:16.905546
user3,like,This is a like by user1,2025-11-19T00:11:17.906018
user2,like,This is a like by user1,2025-11-19T00:11:18.906514
user2,post,This is a like by user2,2025-11-19T00:11:19.907008
user1,post,This is a post by user2,2025-11-19T00:11:20.907643
user2,like,This is a post by user3,2025-11-19T00:11:21.908273
user1,like,This is a like by user3,2025-11-19T00:11:22.907311
user3,post,This is a post by user2,2025-11-19T00:11:23.907960
user1,like,This is a comment by user1,2025-11-19T00:11:24.908536
user3,like,This is a post by user2,2025-11-19T00:11:25.909036
user1,post,This is a post by user1,2025-11-19T00:11:26.909642
user3,post,This is a comment by user2,2025-11-19T00:11:27.910145
user3,comment,This is a post by user3,2025-11-19T00:11:28.910841
user3,comment,This is a comment by user3,2025-11-19T00:11:29.911404
user2,like,This is a post by user2,2025-11-19T00:11:30.911868
user3,post,This is a post by user3,2025-11-19T00:11:31.912639
user2,post,This is a post by user1,2025-11-19T00:11:32.913125
user2,post,This is a post by user1,2025-11-19T00:11:33.913611
user2,post,This is a comment by user3,2025-11-19T00:11:34.914326
user3,like,This is a like by user3,2025-11-19T00:11:35.914779
user1,post,This is a like by user2,2025-11-19T00:11:36.915426
user2,like,This is a comment by user3,2025-11-19T00:11:37.916117
user1,comment,This is a post by user3,2025-11-19T00:11:38.916689
user1,like,This is a comment by user2,2025-11-19T00:11:39.917523
user2,comment,This is a comment by user3,2025-11-19T00:11:40.918091
user1,comment,This is a like by user3,2025-11-19T00:11:41.918525
user1,like,This is a like by user1,2025-11-19T00:11:42.919015
